"ID",GEO_NAME,HIMEDBYX,HIAVGBYX,INCPHMBYX,VACANTHUBY,POPDENBY,CAPINCBY,HHCHG2KBY,POPCH2KBY,MEDINC2KBY,ED10HSCHBYX,NOHSDIPBY,COLNODEGBY,COLLDEGBY,PRODEGBY,FC15OF18BYX,ECPOP16PBYX,HVMEDBY,HVAVGBY,MS03PMARBYX,WHTPOPBYX,POPBYX,P0004BYX,P0509BYX,P1014BYX,P1519BYX,P2024BYX,P2529BYX,P3034BYX,P3539BYX,P4044BYX,P4549BYX,P5054BYX,P5559BYX,P6064BYX,P6569BYX,P7074BYX,P7579BYX,P8084BYX,P85PBYX,POPBY,HHBY,LON,LAT
"191690001001","",65805.451612903227000000,80939.800000000003000000,30101.578512396693000000,24.000000000000000000,100.470883463774430000,30101.578512396693000000,0.095334685598377281,0.069219440353460976,0.406558800616570570,0.190732758620689670,0.119612068965517240,0.304956896551724140,0.314655172413793090,0.070043103448275856,0.062962962962962957,1.000000000000000000,151172.000000000000000000,163075.000000000000000000,0.690217391304347780,0.953168044077134960,1.000000000000000000,0.066115702479338845,0.080578512396694210,0.092975206611570244,0.082644628099173556,0.038567493112947659,0.053719008264462811,0.071625344352617082,0.068181818181818177,0.081955922865013769,0.084710743801652888,0.089531680440771352,0.063360881542699726,0.042011019283746558,0.033746556473829202,0.022727272727272728,0.012396694214876033,0.008953168044077135,0.006198347107438017,1452.000000000000000000,540.000000000000000000,-93.645301818847656000,42.100711822509766000
"191690001002","",92967.750000000000000000,112187.199668599830000000,43554.181408813121000000,36.000000000000000000,1090.274992061507200000,43554.181408813121000000,1.413999999999999900,1.519417475728155300,0.113306970162470220,0.056000000000000001,0.014588235294117648,0.134588235294117650,0.480941176470588210,0.313882352941176500,0.015741507870753936,1.000000000000000000,221827.000000000000000000,256324.000000000000000000,0.753372681281618940,0.898843930635838120,1.000000000000000000,0.084136159280667949,0.083815028901734104,0.070327552986512526,0.048169556840077073,0.031149646756583174,0.045921644187540141,0.074181117533718685,0.078034682080924858,0.079319203596660240,0.061657032755298651,0.054913294797687862,0.072254335260115612,0.058766859344894028,0.044637122671804752,0.043994861913937061,0.034360950545921642,0.023121387283236993,0.011239563262684649,3114.000000000000000000,1207.000000000000000000,-93.642471313476563000,42.060935974121094000
"191690001003","",59582.333333333328000000,73997.599033816427000000,28261.075645756457000000,31.000000000000000000,54.955660244080761000,28261.075645756457000000,0.098143236074270557,0.084000000000000005,-0.176269718014534780,0.227214377406931960,0.019255455712451863,0.133504492939666240,0.395378690629011540,0.224646983311938390,0.019323671497584540,1.000000000000000000,227049.000000000000000000,349770.000000000000000000,0.722919042189281600,0.953874538745387410,1.000000000000000000,0.053505535055350550,0.070110701107011064,0.067343173431734321,0.057195571955719560,0.033210332103321034,0.042435424354243544,0.045202952029520294,0.033210332103321034,0.064575645756457564,0.079335793357933573,0.121771217712177120,0.100553505535055350,0.096863468634686353,0.062730627306273060,0.033210332103321034,0.026752767527675275,0.005535055350553505,0.006457564575645757,1084.000000000000000000,414.000000000000000000,-93.593177795410156000,42.082786560058594000
"191690001004","",58836.209302325587000000,73685.699999999997000000,30199.057377049179000000,37.000000000000000000,14.603615807802958000,30199.057377049179000000,0.038575667655786350,0.010297482837528604,0.186636556750568120,0.273927392739273910,0.066006600660066000,0.202970297029702960,0.435643564356435700,0.021452145214521452,0.040000000000000001,1.000000000000000000,242046.000000000000000000,200205.000000000000000000,0.790140845070422480,0.920724801812004560,1.000000000000000000,0.078142695356738387,0.066817667044167611,0.050962627406568518,0.052095130237825596,0.065685164212910527,0.061155152887882216,0.060022650056625139,0.041902604756511891,0.054360135900339751,0.084937712344280866,0.097395243488108726,0.112117780294450740,0.067950169875424682,0.039637599093997736,0.030577576443941108,0.016987542468856170,0.009060022650056626,0.010192525481313703,883.000000000000000000,350.000000000000000000,-93.542472839355469000,42.033435821533203000
"191690001005","",106930.818181818180000000,140236.199475065630000000,50169.006572769955000000,10.000000000000000000,133.581170200365160000,50169.006572769955000000,0.107558139534883720,0.034985422740524783,0.284469701519756090,0.136986301369863010,0.000000000000000000,0.210958904109589030,0.173972602739726030,0.478082191780821900,0.015748031496062992,1.000000000000000000,286594.000000000000000000,317405.000000000000000000,0.895539906103286380,0.947417840375586850,1.000000000000000000,0.042253521126760563,0.061971830985915494,0.095774647887323941,0.081690140845070425,0.032863849765258218,0.015962441314553991,0.037558685446009391,0.030046948356807511,0.068544600938967137,0.099530516431924884,0.114553990610328640,0.116431924882629110,0.084507042253521125,0.051643192488262914,0.030985915492957747,0.017840375586854459,0.009389671361502348,0.008450704225352112,1065.000000000000000000,381.000000000000000000,-93.673812866210937000,42.065639495849609000
"191690001006","",85564.476190476184000000,96885.600000000006000000,41348.027716535435000000,43.000000000000000000,3010.771583925801200000,41348.027716535435000000,1.605769230769230800,0.983780411728010010,0.024736538048074630,0.052983293556085921,0.005727923627684964,0.150835322195704060,0.277326968973746980,0.513126491646778040,0.030258302583025830,1.000000000000000000,263202.000000000000000000,278735.000000000000000000,0.658057054741711610,0.777044025157232700,1.000000000000000000,0.053773584905660379,0.066352201257861634,0.064150943396226415,0.056918238993710693,0.100000000000000010,0.090251572327044019,0.069182389937106917,0.063207547169811321,0.070125786163522011,0.078301886792452827,0.066981132075471697,0.066352201257861634,0.052830188679245285,0.038364779874213835,0.018553459119496855,0.018238993710691823,0.011635220125786163,0.014779874213836478,3180.000000000000000000,1355.000000000000000000,-93.647422790527344000,42.050117492675781000
"191690002001","",68134.593220338982000000,80131.599624060153000000,38825.146630236792000000,16.000000000000000000,1743.442215018502800000,38825.146630236792000000,-0.027422303473491772,-0.056059356966199507,0.593828936825165130,0.088339222614840993,0.047114252061248529,0.133097762073027090,0.413427561837455830,0.318021201413427550,0.033834586466165412,1.000000000000000000,173416.000000000000000000,187690.000000000000000000,0.539920159680638670,0.819213973799126640,1.000000000000000000,0.046288209606986902,0.041921397379912663,0.036681222707423577,0.033187772925764192,0.100436681222707420,0.130131004366812210,0.062008733624454151,0.039301310043668124,0.036681222707423577,0.055021834061135373,0.062008733624454151,0.074235807860262015,0.068995633187772923,0.055021834061135373,0.041921397379912663,0.050655021834061134,0.034934497816593885,0.030567685589519649,1145.000000000000000000,532.000000000000000000,-93.614738464355469000,42.046985626220703000
"191690002002","",53702.703703703701000000,67161.300000000003000000,29098.536687631029000000,24.000000000000000000,4613.232497390330500000,29098.536687631029000000,-0.015873015873015872,-0.018518518518518517,-0.001564974322214306,0.324091778202676870,0.014340344168260039,0.146271510516252400,0.319311663479923570,0.195984703632887170,0.038709677419354840,1.000000000000000000,150214.000000000000000000,154788.000000000000000000,0.590025359256128530,0.896575821104123040,1.000000000000000000,0.075471698113207544,0.051013277428371771,0.046820405310971348,0.039832285115303984,0.055904961565338925,0.085953878406708595,0.071278825995807121,0.049615653389238297,0.057302585604472399,0.046820405310971348,0.073375262054507340,0.074074074074074070,0.056603773584905662,0.047519217330538085,0.046820405310971348,0.055206149545772187,0.037037037037037035,0.029350104821802937,1431.000000000000000000,620.000000000000000000,-93.614051818847656000,42.041622161865234000
"191690002003","",63447.275862068964000000,70865.399572649578000000,32674.883743842365000000,22.000000000000000000,4855.505920433825800000,32674.883743842365000000,-0.016806722689075630,-0.051305970149253734,0.490172853664237850,0.193724420190995890,0.039563437926330151,0.253751705320600260,0.437926330150068210,0.075034106412005447,0.029914529914529916,1.000000000000000000,123280.000000000000000000,126074.000000000000000000,0.599999999999999980,0.931170108161258560,1.000000000000000000,0.076696165191740412,0.050147492625368731,0.042281219272369712,0.037364798426745331,0.072763028515240899,0.117010816125860370,0.079646017699115043,0.072763028515240899,0.055063913470993119,0.057030481809242868,0.067846607669616518,0.070796460176991149,0.071779744346116031,0.029498525073746312,0.035398230088495575,0.024582104228121928,0.012782694198623401,0.026548672566371681,1017.000000000000000000,468.000000000000000000,-93.611732482910156000,42.036346435546875000
"191690003001","",96278.761904761894000000,112612.000000000000000000,43571.703703703701000000,10.000000000000000000,3955.712797942536800000,43571.703703703701000000,0.000000000000000000,-0.081100651701665458,0.249037979797730120,0.058002148227712137,0.010741138560687433,0.138560687432867870,0.398496240601503790,0.394199785177228810,0.010183299389002037,1.000000000000000000,191770.000000000000000000,189849.000000000000000000,0.630560928433268830,0.950354609929078050,1.000000000000000000,0.046493301812450746,0.070921985815602842,0.067769897557131600,0.058313632781717889,0.022852639873916468,0.026792750197005517,0.033884948778565800,0.059889676910953510,0.063041765169424738,0.069345941686367221,0.095350669818754924,0.107171000788022070,0.078802206461780933,0.072498029944838449,0.062253743104806934,0.029944838455476755,0.020488573680063040,0.014184397163120567,1269.000000000000000000,491.000000000000000000,-93.635421752929688000,42.051292419433594000
"191690003002","",42607.695652173912000000,50969.099348534204000000,27308.051483420593000000,20.000000000000000000,6041.544430594018200000,27308.051483420593000000,0.037162162162162164,-0.033726812816188868,0.518744275517009410,0.355952380952380960,0.036904761904761905,0.217857142857142860,0.246428571428571440,0.142857142857142850,0.035830618892508145,1.000000000000000000,126210.000000000000000000,129899.000000000000000000,0.401551891367604270,0.741710296684118700,1.000000000000000000,0.040139616055846421,0.034904013961605584,0.025305410122164050,0.030541012216404886,0.136125654450261780,0.169284467713787080,0.092495636998254804,0.045375218150087257,0.043630017452006981,0.051483420593368238,0.041012216404886559,0.058464223385689351,0.050610820244328100,0.042757417102966842,0.034904013961605584,0.031413612565445025,0.036649214659685861,0.034904013961605584,1146.000000000000000000,614.000000000000000000,-93.625801086425781000,42.053672790527344000
"191690003003","",42599.000000000000000000,52071.299418604649000000,24672.902203856749000000,13.000000000000000000,3836.812255110148300000,24672.902203856749000000,-0.019943019943019943,0.012552301255230125,0.106496272630457940,0.203488372093023260,0.060077519379844964,0.153100775193798440,0.424418604651162770,0.158914728682170550,0.029069767441860465,1.000000000000000000,142747.000000000000000000,149581.000000000000000000,0.358064516129032280,0.746556473829201090,1.000000000000000000,0.061983471074380167,0.041322314049586778,0.042699724517906337,0.042699724517906337,0.100550964187327830,0.089531680440771352,0.100550964187327830,0.048209366391184574,0.039944903581267219,0.042699724517906337,0.055096418732782371,0.067493112947658404,0.081267217630853997,0.042699724517906337,0.048209366391184574,0.034435261707988982,0.039944903581267219,0.020661157024793389,726.000000000000000000,344.000000000000000000,-93.625839233398437000,42.048236846923828000
"191690004001","",68635.363636363632000000,81711.500000000000000000,36446.856115107912000000,19.000000000000000000,2630.030109117170500000,36446.856115107912000000,-0.163418290854572710,-0.263544018058690770,0.612925119707909750,0.094680851063829785,0.021276595744680851,0.120212765957446820,0.407446808510638300,0.356382978723404300,0.050179211469534052,1.000000000000000000,182188.000000000000000000,187086.000000000000000000,0.575757575757575800,0.904214559386973150,1.000000000000000000,0.058237547892720308,0.055938697318007664,0.051340996168582377,0.045977011494252873,0.068199233716475099,0.081226053639846738,0.065134099616858232,0.044444444444444446,0.035249042145593872,0.055938697318007664,0.054406130268199231,0.064367816091954022,0.049808429118773943,0.038314176245210725,0.049042145593869733,0.055938697318007664,0.052873563218390804,0.073563218390804597,1305.000000000000000000,558.000000000000000000,-93.632583618164063000,42.041805267333984000
"191690004002","",75991.063492063491000000,89644.198501872655000000,39109.478758169935000000,9.000000000000000000,4979.431788187141100000,39109.478758169935000000,-0.029090909090909091,-0.046728971962616821,0.390105858498573040,0.222222222222222210,0.000000000000000000,0.138321995464852630,0.435374149659863930,0.204081632653061230,0.033707865168539325,1.000000000000000000,150605.000000000000000000,161946.000000000000000000,0.594541910331384040,0.869281045751634010,1.000000000000000000,0.049019607843137254,0.062091503267973858,0.050653594771241831,0.040849673202614380,0.076797385620915037,0.081699346405228759,0.068627450980392163,0.062091503267973858,0.065359477124183010,0.065359477124183010,0.070261437908496732,0.084967320261437912,0.070261437908496732,0.037581699346405227,0.047385620915032678,0.035947712418300651,0.017973856209150325,0.013071895424836602,612.000000000000000000,267.000000000000000000,-93.622802734375000000,42.042850494384766000
"191690004003","",55693.444444444438000000,68854.600000000006000000,32257.265758091995000000,7.000000000000000000,4593.696620954891800000,32257.265758091995000000,0.029962546816479401,-0.033587786259541987,0.098202249371427311,0.168949771689497710,0.000000000000000000,0.091324200913242004,0.438356164383561620,0.301369863013698610,0.032727272727272730,1.000000000000000000,161213.000000000000000000,149282.000000000000000000,0.441767068273092370,0.894154818325434420,1.000000000000000000,0.050552922590837282,0.075829383886255930,0.086887835703001584,0.041074249605055291,0.053712480252764615,0.097946287519747238,0.074249605055292253,0.050552922590837282,0.050552922590837282,0.053712480252764615,0.063191153238546599,0.090047393364928910,0.061611374407582936,0.037914691943127965,0.031595576619273300,0.034755134281200632,0.026856240126382307,0.018957345971563982,633.000000000000000000,275.000000000000000000,-93.624176025390625000,42.036712646484375000
"191690005001","",19540.666666666664000000,22863.700149925036000000,11623.542682926829000000,89.000000000000000000,9193.654528134484300000,11623.542682926829000000,0.144082332761578060,-0.119463087248322150,0.018080778800480597,0.014861995753715499,0.023354564755838639,0.182590233545647550,0.305732484076433110,0.473460721868365190,0.025487256371814093,1.000000000000000000,0.000000000000000000,0.000000000000000000,0.266839378238341970,0.559451219512195120,1.000000000000000000,0.069359756097560982,0.032012195121951220,0.016006097560975610,0.067073170731707321,0.456554878048780480,0.150152439024390240,0.106707317073170730,0.046493902439024390,0.028963414634146343,0.012195121951219513,0.006097560975609756,0.006097560975609756,0.001524390243902439,0.000762195121951220,0.000000000000000000,0.000000000000000000,0.000000000000000000,0.000000000000000000,1312.000000000000000000,667.000000000000000000,-93.642272949218750000,42.042030334472656000
"191690005002","",21156.407407407405000000,18737.501014198784000000,5152.029001673173300000,0.000000000000000000,5121.394167869911100000,5152.029001673173300000,0.000000000000000000,0.000000000000000000,0.000000000000000000,0.464285714285714300,0.000000000000000000,0.250000000000000000,0.285714285714285700,0.000000000000000000,0.002028397565922921,1.000000000000000000,262500.000000000000000000,287500.000000000000000000,0.000000000000000000,0.757947573898494100,1.000000000000000000,0.001115448968209705,0.000000000000000000,0.000000000000000000,0.174010039040713880,0.809258226436140540,0.011154489682097044,0.002230897936419409,0.001115448968209705,0.000000000000000000,0.000000000000000000,0.000557724484104852,0.000000000000000000,0.000000000000000000,0.000557724484104852,0.000000000000000000,0.000000000000000000,0.000000000000000000,0.000000000000000000,1793.000000000000000000,493.000000000000000000,-93.641410827636719000,42.032989501953125000
"191690006001","",65980.595092024538000000,73491.599823321551000000,30142.206884057970000000,35.000000000000000000,2534.657261335563400000,30142.206884057970000000,0.158648925281473900,0.143330571665285840,0.492735560961019610,0.080964153275648945,0.016069221260815822,0.092707045735475890,0.472187886279357260,0.338071693448702140,0.051236749116607777,1.000000000000000000,203448.000000000000000000,226766.000000000000000000,0.573569482288828310,0.807971014492753660,1.000000000000000000,0.076811594202898556,0.063768115942028983,0.061594202898550728,0.052173913043478258,0.159420289855072450,0.127536231884057970,0.085144927536231887,0.060144927536231886,0.050000000000000003,0.055072463768115941,0.061956521739130438,0.061231884057971017,0.031521739130434781,0.023550724637681160,0.013768115942028985,0.007246376811594203,0.004710144927536232,0.004347826086956522,2760.000000000000000000,1132.000000000000000000,-93.685379028320312000,42.032043457031250000
"191690006002","",48659.714285714283000000,50759.101214574897000000,21106.898989898989000000,13.000000000000000000,4571.009743305540700000,21106.898989898989000000,-0.060836501901140684,-0.058637083993660855,0.172852151528047780,0.100591715976331360,0.053254437869822487,0.337278106508875800,0.434911242603550300,0.073964497041420121,0.080971659919028341,1.000000000000000000,136364.000000000000000000,128421.000000000000000000,0.607966457023060850,0.867003367003367000,1.000000000000000000,0.087542087542087546,0.069023569023569029,0.040404040404040407,0.035353535353535352,0.198653198653198660,0.159932659932659930,0.099326599326599332,0.057239057239057242,0.043771043771043773,0.045454545454545456,0.026936026936026935,0.035353535353535352,0.040404040404040407,0.011784511784511785,0.025252525252525252,0.011784511784511785,0.006734006734006734,0.005050505050505051,594.000000000000000000,247.000000000000000000,-93.670593261718750000,42.035427093505859000
"191690006003","",70680.818181818177000000,84467.899598393575000000,34649.929159802305000000,7.000000000000000000,3836.779516017616100000,34649.929159802305000000,-0.110714285714285710,-0.171896316507503420,0.272621586241344580,0.033163265306122451,0.000000000000000000,0.196428571428571420,0.594387755102040780,0.176020408163265310,0.068273092369477914,1.000000000000000000,154667.000000000000000000,151334.000000000000000000,0.678207739307535640,0.896210873146622730,1.000000000000000000,0.080724876441515644,0.060955518945634266,0.049423393739703461,0.064250411861614495,0.098846787479406922,0.097199341021416807,0.108731466227347610,0.047775947281713346,0.037891268533772650,0.049423393739703461,0.074135090609555185,0.054365733113673806,0.031301482701812190,0.044481054365733116,0.046128500823723231,0.028006589785831960,0.019769357495881382,0.006589785831960461,607.000000000000000000,249.000000000000000000,-93.668830871582031000,42.033233642578125000
"191690006004","",73391.857142857145000000,90136.399999999994000000,36559.749262536876000000,8.000000000000000000,2200.602638373988600000,36559.749262536876000000,-0.179104477611940290,-0.195729537366548050,0.433008831457772300,0.103671706263498920,0.023758099352051837,0.088552915766738655,0.488120950323974070,0.295896328293736520,0.050909090909090911,1.000000000000000000,174194.000000000000000000,188038.000000000000000000,0.503649635036496400,0.914454277286135710,1.000000000000000000,0.072271386430678472,0.054572271386430678,0.064896755162241887,0.050147492625368731,0.075221238938053103,0.104719764011799420,0.075221238938053103,0.051622418879056046,0.044247787610619468,0.064896755162241887,0.075221238938053103,0.072271386430678472,0.047197640117994100,0.050147492625368731,0.050147492625368731,0.022123893805309734,0.016224188790560472,0.008849557522123894,678.000000000000000000,275.000000000000000000,-93.673355102539062000,42.030773162841797000
"191690007001","",32320.428571428572000000,56290.799498746870000000,26866.063397129186000000,22.000000000000000000,2829.922525014971100000,26866.063397129186000000,0.002512562814070352,-0.050000000000000003,0.218685060490571180,0.080760095011876490,0.035629453681710214,0.149643705463182900,0.372921615201900260,0.361045130641330150,0.032581453634085211,1.000000000000000000,310769.000000000000000000,301302.000000000000000000,0.359673024523160740,0.770334928229665090,1.000000000000000000,0.050239234449760764,0.040669856459330141,0.031100478468899521,0.053827751196172252,0.320574162679425840,0.080143540669856461,0.061004784688995214,0.040669856459330141,0.034688995215311005,0.032296650717703351,0.047846889952153110,0.056220095693779906,0.050239234449760764,0.044258373205741629,0.022727272727272728,0.019138755980861243,0.007177033492822967,0.007177033492822967,836.000000000000000000,399.000000000000000000,-93.668617248535156000,42.026103973388672000
"191690007002","",27564.789473684210000000,47920.299719887953000000,21331.105985037408000000,17.000000000000000000,6268.916820881531700000,21331.105985037408000000,-0.050531914893617018,-0.125408942202835330,0.237892289199637540,0.000000000000000000,0.000000000000000000,0.364548494983277570,0.397993311036789310,0.237458193979933120,0.014005602240896359,1.000000000000000000,174038.000000000000000000,204196.000000000000000000,0.135388739946380700,0.895261845386533640,1.000000000000000000,0.026184538653366583,0.024937655860349128,0.018703241895261846,0.043640897755610975,0.513715710723192000,0.114713216957605990,0.027431421446384038,0.022443890274314215,0.036159600997506237,0.024937655860349128,0.043640897755610975,0.036159600997506237,0.021197007481296760,0.013715710723192019,0.018703241895261846,0.008728179551122194,0.000000000000000000,0.004987531172069825,802.000000000000000000,357.000000000000000000,-93.661514282226562000,42.025199890136719000
"191690007003","",19374.000000000000000000,32534.899721448466000000,14348.929975429975000000,12.000000000000000000,16318.965563818525000000,14348.929975429975000000,0.019886363636363636,-0.029797377830750895,-0.091511468001848825,0.054263565891472867,0.000000000000000000,0.186046511627906970,0.434108527131782940,0.325581395348837230,0.013927576601671309,1.000000000000000000,263889.000000000000000000,219615.000000000000000000,0.016229712858926344,0.726044226044226030,1.000000000000000000,0.008599508599508600,0.004914004914004914,0.002457002457002457,0.047911547911547912,0.777641277641277660,0.082309582309582310,0.028255528255528257,0.012285012285012284,0.006142506142506142,0.012285012285012284,0.003685503685503686,0.004914004914004914,0.002457002457002457,0.003685503685503686,0.000000000000000000,0.000000000000000000,0.002457002457002457,0.000000000000000000,814.000000000000000000,359.000000000000000000,-93.656288146972656000,42.026729583740234000
"191690007004","",13356.843137254902000000,18700.699208443271000000,10212.629682997118000000,6.000000000000000000,18349.565447197292000000,10212.629682997118000000,0.145015105740181280,0.055141579731743669,-0.036995371166521199,0.000000000000000000,0.000000000000000000,0.495327102803738320,0.448598130841121430,0.056074766355140186,0.000000000000000000,1.000000000000000000,625000.000000000000000000,625000.000000000000000000,0.042613636363636360,0.878531073446327640,1.000000000000000000,0.001412429378531073,0.002824858757062147,0.001412429378531073,0.052259887005649715,0.790960451977401170,0.084745762711864403,0.018361581920903956,0.005649717514124294,0.012711864406779662,0.002824858757062147,0.009887005649717515,0.008474576271186441,0.002824858757062147,0.002824858757062147,0.000000000000000000,0.001412429378531073,0.000000000000000000,0.001412429378531073,708.000000000000000000,379.000000000000000000,-93.656471252441406000,42.024047851562500000
"191690008001","",21249.000000000000000000,20263.315789473683000000,12833.433333333332000000,0.000000000000000000,8187.107143372510100000,12833.433333333332000000,0.000000000000000000,0.124949290060851930,0.000000000000000000,0.000000000000000000,0.000000000000000000,0.000000000000000000,1.000000000000000000,0.000000000000000000,0.000000000000000000,1.000000000000000000,0.000000000000000000,0.000000000000000000,0.000000000000000000,0.865488640461593910,1.000000000000000000,0.000360620266858997,0.000000000000000000,0.000000000000000000,0.823296069239091270,0.172737107825459780,0.001442481067435990,0.001442481067435990,0.000000000000000000,0.000000000000000000,0.000721240533717995,0.000000000000000000,0.000000000000000000,0.000000000000000000,0.000000000000000000,0.000000000000000000,0.000000000000000000,0.000000000000000000,0.000000000000000000,2773.000000000000000000,19.000000000000000000,-93.639060974121094000,42.024299621582031000
"191690008002","",0.000000000000000000,0.000000000000000000,0.000000000000000000,0.000000000000000000,5409.902853996741200000,0.000000000000000000,-1.000000000000000000,0.023023457862728063,-1.000000000000000000,0.000000000000000000,0.000000000000000000,0.000000000000000000,1.000000000000000000,0.000000000000000000,0.000000000000000000,1.000000000000000000,0.000000000000000000,0.000000000000000000,0.000000000000000000,0.910403397027600870,1.000000000000000000,0.000000000000000000,0.000000000000000000,0.000000000000000000,0.755838641188959710,0.241613588110403400,0.000849256900212314,0.000000000000000000,0.000000000000000000,0.000000000000000000,0.000000000000000000,0.000849256900212314,0.000000000000000000,0.000849256900212314,0.000000000000000000,0.000000000000000000,0.000000000000000000,0.000000000000000000,0.000000000000000000,2355.000000000000000000,0.000000000000000000,-93.651809692382813000,42.024066925048828000
"191690009001","",72843.827586206899000000,89442.500884955749000000,41018.679383116883000000,35.000000000000000000,4078.884219798614100000,41018.679383116883000000,-0.043993231810490696,-0.123579545454545460,0.403832896913398910,0.134549600912200700,0.052451539338654506,0.152793614595210960,0.378563283922462910,0.281641961231470890,0.035398230088495575,1.000000000000000000,146078.000000000000000000,207888.000000000000000000,0.531730769230769230,0.935170178282009770,1.000000000000000000,0.060777957860615885,0.048622366288492709,0.047811993517017828,0.050243111831442464,0.081847649918962720,0.103727714748784440,0.084278768233387355,0.049432739059967583,0.046191247974068074,0.063209076175040513,0.081037277147487846,0.089951377633711513,0.074554294975688815,0.044570502431118313,0.023500810372771474,0.024311183144246355,0.013776337115072933,0.012155591572123177,1234.000000000000000000,565.000000000000000000,-93.623878479003906000,42.030540466308594000
"191690009002","",42054.555555555555000000,51013.000000000000000000,24711.904984423676000000,35.000000000000000000,4317.738433588629100000,24711.904984423676000000,-0.108882521489971350,-0.165374677002583990,0.149196583343330330,0.110403397027600850,0.000000000000000000,0.101910828025477710,0.492569002123142250,0.295116772823779180,0.038585209003215437,1.000000000000000000,134756.000000000000000000,136897.000000000000000000,0.432188065099457510,0.931888544891640860,1.000000000000000000,0.072755417956656340,0.040247678018575851,0.030959752321981424,0.040247678018575851,0.086687306501547989,0.165634674922600620,0.097523219814241488,0.040247678018575851,0.061919504643962849,0.069659442724458204,0.089783281733746126,0.066563467492260067,0.041795665634674919,0.030959752321981424,0.021671826625386997,0.023219814241486069,0.012383900928792570,0.007739938080495356,646.000000000000000000,311.000000000000000000,-93.616394042968750000,42.031890869140625000
"191690009003","",32082.333333333336000000,49241.199404761908000000,23602.058487874467000000,60.000000000000000000,841.640916439459940000,23602.058487874467000000,-0.168316831683168330,-0.207013574660633470,0.376772234415167720,0.237362637362637350,0.061538461538461542,0.265934065934065930,0.318681318681318660,0.116483516483516490,0.083333333333333329,1.000000000000000000,113333.000000000000000000,128147.000000000000000000,0.282006920415224900,0.868758915834522140,1.000000000000000000,0.089871611982881600,0.051355206847360911,0.034236804564907276,0.051355206847360911,0.124108416547788870,0.136947218259629110,0.092724679029957208,0.065620542082738945,0.054208273894436519,0.068473609129814553,0.057061340941512127,0.055634807417974323,0.045649072753209702,0.025677603423680456,0.014265335235378032,0.014265335235378032,0.012838801711840228,0.005706134094151213,701.000000000000000000,336.000000000000000000,-93.605934143066406000,42.030170440673828000
"191690009004","",36110.111111111109000000,53352.599078341016000000,27897.624096385542000000,65.000000000000000000,4320.416579908172000000,27897.624096385542000000,-0.174904942965779460,-0.160152526215443290,0.155560533492627270,0.173076923076923070,0.017482517482517484,0.080419580419580430,0.554195804195804160,0.174825174825174820,0.050691244239631339,1.000000000000000000,115000.000000000000000000,124531.000000000000000000,0.233766233766233760,0.883087400681044300,1.000000000000000000,0.051078320090805901,0.029511918274687854,0.045402951191827468,0.071509648127128261,0.153234960272417700,0.167990919409761630,0.094211123723041995,0.056753688989784334,0.049943246311010214,0.043132803632236094,0.062429057888762768,0.060158910329171394,0.040862656072644721,0.020431328036322360,0.013620885357548240,0.013620885357548240,0.010215664018161180,0.015891032917139614,881.000000000000000000,434.000000000000000000,-93.615425109863281000,42.028266906738281000
"191690010001","",29771.727272727272000000,52104.000000000000000000,25923.665024630543000000,21.000000000000000000,4070.969450308248700000,25923.665024630543000000,-0.056074766355140186,-0.108695652173913040,0.093695464137643611,0.129032258064516130,0.106261859582542690,0.191650853889943070,0.474383301707779870,0.098671726755218209,0.049504950495049507,1.000000000000000000,111919.000000000000000000,120667.000000000000000000,0.451428571428571400,0.857317073170731690,1.000000000000000000,0.050000000000000003,0.039024390243902439,0.057317073170731710,0.063414634146341464,0.147560975609756090,0.134146341463414640,0.081707317073170735,0.062195121951219512,0.043902439024390241,0.058536585365853662,0.052439024390243900,0.057317073170731710,0.047560975609756098,0.032926829268292684,0.021951219512195121,0.024390243902439025,0.019512195121951219,0.006097560975609756,820.000000000000000000,404.000000000000000000,-93.626518249511719000,42.022670745849609000
"191690010002","",19536.037037037036000000,25984.799999999999000000,13313.284287966369000000,35.000000000000000000,4137.487215997227400000,13313.284287966369000000,-0.045988258317025438,-0.020280057943022695,0.222236125145691080,0.099378881987577633,0.046583850931677016,0.171842650103519680,0.364389233954451390,0.317805383022774330,0.040000000000000001,1.000000000000000000,75000.000000000000000000,75000.000000000000000000,0.276799999999999990,0.647609659931000500,1.000000000000000000,0.042385411532774767,0.024149827501232134,0.009364218827008379,0.050271069492360772,0.397732873336619000,0.210941350418925590,0.098077870872350911,0.038935436175455890,0.021685559388861509,0.021192705766387383,0.021685559388861509,0.019221291276490884,0.008378511582060128,0.007392804337111878,0.006407097092163627,0.003449975357318876,0.006407097092163627,0.012321340561853130,2029.000000000000000000,975.000000000000000000,-93.615890502929688000,42.018676757812500000
"191690010003","",22714.517241379308000000,29741.200339558574000000,16526.006603773585000000,73.000000000000000000,351.183576628951130000,16526.006603773585000000,-0.098009188361408886,-0.069865319865319866,-0.038189820431187953,0.226939970717423140,0.039531478770131773,0.161054172767203520,0.521229868228404110,0.051244509516837483,0.035653650254668934,1.000000000000000000,17763.000000000000000000,32837.000000000000000000,0.384851586489252830,0.890497737556561030,1.000000000000000000,0.062443438914027150,0.033484162895927601,0.019909502262443438,0.028959276018099549,0.237104072398190040,0.202714932126696830,0.073303167420814483,0.052488687782805431,0.034389140271493215,0.048868778280542986,0.053393665158371038,0.043438914027149320,0.028959276018099549,0.033484162895927601,0.015384615384615385,0.011764705882352941,0.013574660633484163,0.006334841628959276,1105.000000000000000000,589.000000000000000000,-93.616867065429688000,42.009677886962891000
"191690011001","",13250.748251748253000000,19573.000000000000000000,8575.719464144996900000,21.000000000000000000,3828.673784014919400000,8575.719464144996900000,0.158333333333333330,-0.020423600605143720,-0.502074386062754010,0.424999999999999990,0.225000000000000010,0.000000000000000000,0.162500000000000010,0.187500000000000000,0.008992805755395683,1.000000000000000000,102885.000000000000000000,133032.000000000000000000,0.011755485893416929,0.924324324324324320,1.000000000000000000,0.006177606177606178,0.005405405405405406,0.003088803088803089,0.057915057915057917,0.803861003861003900,0.057142857142857141,0.014671814671814672,0.006949806949806949,0.007722007722007722,0.006949806949806949,0.006949806949806949,0.005405405405405406,0.006177606177606178,0.003088803088803089,0.005405405405405406,0.000772200772200772,0.001544401544401544,0.000772200772200772,1295.000000000000000000,556.000000000000000000,-93.652336120605469000,42.019866943359375000
"191690011002","",16725.190476190477000000,19193.599999999999000000,8120.825200741198400000,17.000000000000000000,27425.839130551070000000,8120.825200741198400000,0.623222748815165930,0.280464941882264730,-0.049072163831987661,0.074999999999999997,0.000000000000000000,0.455000000000000020,0.390000000000000010,0.080000000000000002,0.004379562043795621,1.000000000000000000,0.000000000000000000,0.000000000000000000,0.030231875550337541,0.916837481698389410,1.000000000000000000,0.000585651537335286,0.001171303074670571,0.000585651537335286,0.192386530014641290,0.746705710102488980,0.026939970717423132,0.008784773060029283,0.001756954612005857,0.002049780380673499,0.001756954612005857,0.001756954612005857,0.002049780380673499,0.002049780380673499,0.002635431918008785,0.001171303074670571,0.003221083455344070,0.001756954612005857,0.002635431918008785,3415.000000000000000000,685.000000000000000000,-93.644912719726563000,42.021022796630859000
"191690011003","",114533.883720930230000000,145344.500000000000000000,61223.056384742951000000,5.000000000000000000,5090.648985229457100000,61223.056384742951000000,0.011952191235059761,-0.205596107055961070,0.639077289608032560,0.078034682080924858,0.000000000000000000,0.023121387283236993,0.283236994219653200,0.615606936416185020,0.019685039370078740,1.000000000000000000,187162.000000000000000000,204247.000000000000000000,0.461005199306759090,0.949464012251148510,1.000000000000000000,0.038284839203675342,0.033690658499234305,0.044410413476263400,0.065849923430321589,0.287901990811638590,0.052067381316998472,0.055130168453292494,0.039816232771822356,0.045941807044410414,0.052067381316998472,0.047473200612557429,0.062787136294027560,0.059724349157733538,0.042879019908116385,0.026033690658499236,0.021439509954058193,0.015313935681470138,0.009188361408882084,653.000000000000000000,254.000000000000000000,-93.643890380859375000,42.017646789550781000
"191690011004","",38118.469026548672000000,49280.599520383694000000,24640.299760191847000000,10.000000000000000000,951.328924456700750000,24640.299760191847000000,0.014598540145985401,-0.063973063973063973,-0.010954601376502367,0.018556701030927835,0.000000000000000000,0.247422680412371140,0.496907216494845370,0.237113402061855660,0.021582733812949641,1.000000000000000000,215708.000000000000000000,218605.000000000000000000,0.388888888888888900,0.898081534772182220,1.000000000000000000,0.037170263788968823,0.027577937649880094,0.028776978417266189,0.052757793764988008,0.272182254196642660,0.101918465227817750,0.037170263788968823,0.028776978417266189,0.034772182254196642,0.037170263788968823,0.050359712230215826,0.068345323741007200,0.058752997601918468,0.052757793764988008,0.040767386091127102,0.026378896882494004,0.029976019184652279,0.014388489208633094,834.000000000000000000,417.000000000000000000,-93.645149230957031000,42.009975433349609000
"191690012001","",24530.250000000000000000,65075.787878787880000000,34637.112903225803000000,3.000000000000000000,3330.717934313152000000,34637.112903225803000000,0.320000000000000010,-0.794759825327510880,-0.575430632453253990,0.000000000000000000,0.000000000000000000,0.160714285714285730,0.839285714285714300,0.000000000000000000,0.000000000000000000,1.000000000000000000,133750.000000000000000000,120769.000000000000000000,0.256756756756756740,0.800531914893616970,1.000000000000000000,0.000000000000000000,0.007978723404255319,0.007978723404255319,0.106382978723404260,0.728723404255319120,0.061170212765957445,0.026595744680851064,0.002659574468085106,0.015957446808510637,0.007978723404255319,0.002659574468085106,0.010638297872340425,0.007978723404255319,0.007978723404255319,0.005319148936170213,0.000000000000000000,0.000000000000000000,0.000000000000000000,376.000000000000000000,33.000000000000000000,-93.650276184082031000,42.014011383056641000
"191690013011","",64709.743801652890000000,76109.500000000000000000,32596.546138415244000000,19.000000000000000000,3533.336597367205700000,32596.546138415244000000,0.221745350500715310,0.310118265440210260,1.024067325826702600,0.067510548523206745,0.037974683544303792,0.110548523206751060,0.449789029535864970,0.334177215189873420,0.023419203747072601,1.000000000000000000,189706.000000000000000000,197467.000000000000000000,0.530255770430442920,0.789869608826479390,1.000000000000000000,0.074222668004012032,0.065195586760280838,0.056670010030090270,0.062688064192577733,0.146940822467402200,0.126880641925777330,0.085255767301905719,0.081243731193580748,0.072718154463390167,0.060682046138415248,0.053660982948846539,0.055667001003009024,0.030090270812437311,0.007522567703109328,0.008525576730190571,0.005516549648946841,0.004513540621865597,0.002006018054162488,1994.000000000000000000,854.000000000000000000,-93.685317993164063000,42.019927978515625000
"191690013012","",32118.565217391304000000,50276.100303951367000000,22222.351545006717000000,49.000000000000000000,5349.507380398876200000,22222.351545006717000000,0.312500000000000000,0.419949174078780190,0.130975218049625140,0.148958333333333330,0.015625000000000000,0.164583333333333330,0.411458333333333310,0.259374999999999970,0.055724417426545089,1.000000000000000000,119588.000000000000000000,110713.000000000000000000,0.346432264736297850,0.756599552572706950,1.000000000000000000,0.065771812080536909,0.038926174496644296,0.029977628635346757,0.059060402684563758,0.376733780760626410,0.144966442953020140,0.071140939597315433,0.035794183445190156,0.032662192393736016,0.025950782997762864,0.030425055928411632,0.029082774049217001,0.022818791946308724,0.013422818791946308,0.006263982102908278,0.008948545861297539,0.004474272930648770,0.003579418344519016,2235.000000000000000000,987.000000000000000000,-93.669380187988281000,42.019802093505859000
"191690013013","",27022.809523809523000000,38171.799912049253000000,16699.244517121970000000,116.000000000000000000,5679.511573291958500000,16699.244517121970000000,2.685575364667747200,2.118176364727054400,-0.152921155896377000,0.060266292922214436,0.019621583742116328,0.124737210932025220,0.615276804484933490,0.180098107918710560,0.021547933157431837,1.000000000000000000,220701.000000000000000000,207378.000000000000000000,0.118142592973084030,0.863409003462870310,1.000000000000000000,0.033089649865332818,0.016929588303193535,0.013659099653712967,0.064832627933820705,0.596960369372835700,0.123893805309734510,0.041939207387456712,0.023085802231627549,0.011927664486340901,0.013081954597922277,0.010773374374759523,0.007502885725278953,0.007310504040015391,0.006540977298961139,0.005386687187379761,0.004424778761061947,0.005963832243170450,0.012697191227395151,5198.000000000000000000,2274.000000000000000000,-93.676856994628906000,42.012500762939453000
"191690013021","",63810.475409836065000000,81504.000000000000000000,41850.822977725671000000,88.000000000000000000,119.104290840350020000,41850.822977725671000000,0.175838926174496650,0.069325153374233131,0.031297078091541919,0.069506726457399109,0.048579970104633781,0.147234678624813150,0.443946188340807120,0.290732436472346810,0.013698630136986301,1.000000000000000000,246970.000000000000000000,269801.000000000000000000,0.596879063719115700,0.909351692484222650,1.000000000000000000,0.041308089500860588,0.037865748709122203,0.038439472174411932,0.039586919104991396,0.075157773952954671,0.100401606425702810,0.081468732071141706,0.047045324153757888,0.044176706827309238,0.071141709695926564,0.082042455536431441,0.067125645438898457,0.055077452667814115,0.038439472174411932,0.029833620195065979,0.036718301778542739,0.043029259896729774,0.071141709695926564,1743.000000000000000000,876.000000000000000000,-93.646247863769531000,41.993713378906250000
"191690013022","",53883.892086330932000000,68471.500000000000000000,27975.348890589135000000,38.000000000000000000,317.371813466498620000,27975.348890589135000000,0.495798319327731110,0.326582278481012680,-0.035617781323496939,0.148666666666666670,0.016666666666666666,0.278000000000000020,0.411333333333333330,0.145333333333333310,0.042134831460674156,1.000000000000000000,163399.000000000000000000,206592.000000000000000000,0.503208065994500410,0.902671755725190870,1.000000000000000000,0.062977099236641215,0.053053435114503819,0.051145038167938930,0.067557251908396940,0.192748091603053420,0.116412213740458010,0.072900763358778625,0.062595419847328249,0.044656488549618317,0.050763358778625957,0.055343511450381681,0.064503816793893123,0.037786259541984731,0.020229007633587787,0.020229007633587787,0.012595419847328244,0.009923664122137405,0.004580152671755725,2620.000000000000000000,1068.000000000000000000,-93.603118896484375000,41.991985321044922000
"191690101001","",67596.402597402601000000,81200.900302114809000000,31939.985739750446000000,30.000000000000000000,552.836563924159350000,31939.985739750446000000,0.094214876033057851,0.120505992010652460,0.463773346975629940,0.259892086330935250,0.032374100719424460,0.246402877697841720,0.391187050359712240,0.070143884892086339,0.042296072507552872,1.000000000000000000,133560.000000000000000000,136816.000000000000000000,0.600154083204930690,0.986928104575163450,1.000000000000000000,0.076054664289958412,0.070707070707070704,0.081996434937611412,0.055258467023172907,0.055258467023172907,0.065953654188948302,0.077243018419489010,0.071301247771836010,0.071301247771836010,0.070112893642305413,0.071301247771836010,0.061794414735591205,0.045751633986928102,0.045751633986928102,0.023767082590612002,0.019607843137254902,0.023767082590612002,0.013071895424836602,1683.000000000000000000,662.000000000000000000,-93.683876037597656000,41.877838134765625000
"191690101002","",70821.784810126584000000,90785.100609756104000000,34991.202115158638000000,30.000000000000000000,59.808497403103217000,34991.202115158638000000,0.031446540880503145,0.043531575720416923,0.401579695630457200,0.343664539653600720,0.066545123062898823,0.249772105742935290,0.239744758432087530,0.100273473108477660,0.054878048780487805,1.000000000000000000,151754.000000000000000000,171409.000000000000000000,0.551036070606293120,0.965334900117508780,1.000000000000000000,0.077555816686251472,0.069330199764982378,0.087544065804935373,0.082843713278495892,0.038190364277320796,0.064629847238542884,0.062279670975323151,0.056404230317273797,0.074030552291421858,0.077555816686251472,0.076968272620446532,0.065217391304347824,0.052291421856639250,0.038190364277320796,0.030552291421856639,0.017626321974148061,0.017038777908343124,0.011750881316098707,1702.000000000000000000,656.000000000000000000,-93.628890991210937000,41.910549163818359000
"191690101003","",85471.972972972973000000,96817.500000000000000000,34015.997794928335000000,118.000000000000000000,255.201665891329410000,34015.997794928335000000,0.405882352941176470,0.527793374508703010,0.633831776090778450,0.210329807093963900,0.035469819539514627,0.195395146235220890,0.434971997510889890,0.123833229620410710,0.069037656903765690,1.000000000000000000,186735.000000000000000000,223095.000000000000000000,0.704392764857881160,0.960308710033076050,1.000000000000000000,0.095920617420066148,0.108416023520764420,0.084527747151782434,0.066152149944873215,0.054391767732451302,0.058066887173833147,0.072032341051084164,0.076074972436604188,0.075339948548327818,0.068724733553840497,0.058801911062109517,0.055494303564865857,0.041161337743476661,0.031238515251745681,0.020948180815876516,0.012127894156560088,0.006615214994487321,0.013965453877251011,2721.000000000000000000,956.000000000000000000,-93.597953796386719000,41.902172088623047000
"191690101004","",63471.222222222219000000,72969.099762470316000000,27428.563392857144000000,42.000000000000000000,40.836098787043802000,27428.563392857144000000,0.007177033492822967,0.021897810218978103,0.436563639957157910,0.302739726027397240,0.079452054794520541,0.276712328767123260,0.294520547945205490,0.046575342465753428,0.040380047505938245,1.000000000000000000,143103.000000000000000000,267053.000000000000000000,0.720092915214866400,0.967857142857142860,1.000000000000000000,0.072321428571428578,0.085714285714285715,0.073214285714285718,0.070535714285714285,0.046428571428571430,0.049107142857142856,0.071428571428571425,0.063392857142857140,0.079464285714285710,0.077678571428571430,0.065178571428571433,0.069642857142857145,0.056250000000000001,0.047321428571428570,0.030357142857142857,0.015178571428571428,0.014285714285714285,0.012500000000000001,1120.000000000000000000,421.000000000000000000,-93.531974792480469000,41.900386810302734000
"191690102001","",65030.645569620254000000,77114.500763358781000000,29434.730769230770000000,56.000000000000000000,34.671786155490601000,29434.730769230770000000,0.072013093289689037,0.041262135922330100,0.462889965348551310,0.321523472099202840,0.046058458813108945,0.317094774136403860,0.297608503100088570,0.017714791851195750,0.048854961832061068,1.000000000000000000,128693.000000000000000000,167141.000000000000000000,0.603127326880119160,0.985431235431235450,1.000000000000000000,0.060023310023310024,0.074009324009324015,0.083333333333333329,0.072261072261072257,0.052447552447552448,0.058857808857808856,0.055944055944055944,0.072843822843822847,0.071678321678321680,0.086829836829836832,0.069347319347319344,0.071095571095571089,0.052447552447552448,0.036130536130536128,0.029137529137529136,0.019230769230769232,0.013986013986013986,0.020396270396270396,1716.000000000000000000,655.000000000000000000,-93.403427124023438000,41.902679443359375000
"191690102002","",66285.764705882350000000,74546.300567107755000000,29739.813725490196000000,51.000000000000000000,16.624005951688062000,29739.813725490196000000,-0.011214953271028037,-0.073375262054507340,0.547761171479534290,0.321389793702497260,0.055374592833876225,0.281216069489685140,0.288816503800217170,0.053203040173724209,0.041587901701323253,1.000000000000000000,149074.000000000000000000,170577.000000000000000000,0.630123927550047650,0.987933634992458560,1.000000000000000000,0.060331825037707391,0.064102564102564097,0.084464555052790352,0.061840120663650078,0.034690799396681751,0.058069381598793365,0.055806938159879339,0.060331825037707391,0.054298642533936653,0.062594268476621417,0.098039215686274508,0.083710407239818999,0.064102564102564097,0.042986425339366516,0.036199095022624438,0.025641025641025640,0.023378582202111614,0.029411764705882353,1326.000000000000000000,529.000000000000000000,-93.313613891601562000,41.943828582763672000
"191690102003","",49273.193548387098000000,54572.899159663866000000,21623.224195338513000000,22.000000000000000000,324.850794301365000000,21623.224195338513000000,0.008474576271186441,-0.004419889502762431,0.172748833177603620,0.364842454394693210,0.071310116086235484,0.240464344941956870,0.278606965174129360,0.044776119402985079,0.064425770308123242,1.000000000000000000,116923.000000000000000000,119541.000000000000000000,0.528409090909090940,0.986681465038845680,1.000000000000000000,0.062153163152053277,0.069922308546059936,0.086570477247502775,0.069922308546059936,0.042175360710321866,0.063263041065482792,0.044395116537180909,0.053274139844617090,0.068812430632630414,0.083240843507214210,0.099889012208657049,0.065482796892341849,0.044395116537180909,0.029966703662597113,0.028856825749167592,0.027746947835738070,0.035516093229744729,0.024417314095449501,901.000000000000000000,357.000000000000000000,-93.318305969238281000,42.017101287841797000
"191690103001","",62615.279069767443000000,71641.199999999997000000,30447.509999999998000000,20.000000000000000000,142.697008937401390000,30447.509999999998000000,0.062500000000000000,0.138253638253638260,0.481770676376914900,0.253594771241830050,0.082352941176470587,0.335947712418300630,0.245751633986928120,0.082352941176470587,0.058823529411764705,1.000000000000000000,139944.000000000000000000,285847.000000000000000000,0.656144306651634700,0.951598173515981750,1.000000000000000000,0.065753424657534240,0.053881278538812784,0.070319634703196340,0.053881278538812784,0.057534246575342465,0.084931506849315067,0.056621004566210047,0.071232876712328766,0.063013698630136991,0.073972602739726029,0.084018264840182655,0.062100456621004566,0.051141552511415528,0.041095890410958902,0.039269406392694065,0.021004566210045664,0.026484018264840183,0.023744292237442923,1095.000000000000000000,425.000000000000000000,-93.438545227050781000,42.008171081542969000
"191690103002","",54947.979591836738000000,64491.099554234766000000,26320.503335354759000000,50.000000000000000000,708.912000609572370000,26320.503335354759000000,0.078525641025641024,0.074213836477987419,0.255185565981280280,0.288793103448275860,0.061206896551724135,0.260344827586206920,0.308620689655172420,0.081034482758620699,0.063893016344725106,1.000000000000000000,128677.000000000000000000,147991.000000000000000000,0.657492354740061180,0.962529274004683800,1.000000000000000000,0.074941451990632318,0.088407494145199064,0.070843091334894609,0.053864168618266976,0.032786885245901641,0.056791569086651054,0.070843091334894609,0.071428571428571425,0.060304449648711941,0.072599531615925056,0.075526932084309134,0.063817330210772835,0.048594847775175642,0.030444964871194378,0.025761124121779860,0.035128805620608897,0.026932084309133488,0.040983606557377046,1708.000000000000000000,673.000000000000000000,-93.455879211425781000,42.018104553222656000
"191690103003","",68547.387096774197000000,88941.199999999997000000,37682.252959501559000000,64.000000000000000000,215.482216384604020000,37682.252959501559000000,0.064162754303599370,0.026331904470300063,0.758623069958061280,0.327541268462206770,0.088618592528236326,0.178105994787141620,0.232841007819287570,0.172893136403127730,0.072058823529411759,1.000000000000000000,124695.000000000000000000,194081.000000000000000000,0.646571213262999270,0.932577565632458190,1.000000000000000000,0.064439140811455853,0.074582338902147965,0.069212410501193311,0.054295942720763726,0.050715990453460619,0.060262529832935563,0.055489260143198091,0.066825775656324582,0.068019093078758947,0.067422434367541764,0.068019093078758947,0.073389021479713601,0.068615751789976129,0.044152744630071600,0.034606205250596656,0.023866348448687350,0.019689737470167064,0.036396181384248209,1676.000000000000000000,680.000000000000000000,-93.453315734863281000,42.002922058105469000
"191690104001","",56845.153846153844000000,68112.000000000000000000,27744.587017873942000000,36.000000000000000000,392.793356842257080000,27744.587017873942000000,-0.046255506607929514,-0.060123784261715295,0.281768559520030770,0.274509803921568650,0.120448179271708700,0.243697478991596660,0.327731092436974790,0.033613445378151259,0.062355658198614321,1.000000000000000000,112666.000000000000000000,114392.000000000000000000,0.618604651162790730,0.953904045155221090,1.000000000000000000,0.073377234242709310,0.064910630291627469,0.052681091251175920,0.083725305738476016,0.053621825023518345,0.083725305738476016,0.063029162746942619,0.061147695202257761,0.068673565380997184,0.089369708372530568,0.078080903104421451,0.069614299153339609,0.052681091251175920,0.042333019755409221,0.022577610536218252,0.024459078080903106,0.010348071495766699,0.005644402634054563,1063.000000000000000000,433.000000000000000000,-93.459510803222656000,42.025028228759766000
"191690104002","",41631.653061224490000000,55753.399543378997000000,22569.305914972272000000,45.000000000000000000,852.642974327210940000,22569.305914972272000000,-0.017937219730941704,0.005545286506469501,-0.020408643468681861,0.245199409158050220,0.073855243722304287,0.330871491875923180,0.267355982274741500,0.082717872968980796,0.107305936073059350,1.000000000000000000,120336.000000000000000000,134957.000000000000000000,0.600241545893719810,0.939338235294117640,1.000000000000000000,0.095588235294117641,0.075367647058823525,0.068014705882352935,0.074448529411764705,0.064338235294117641,0.074448529411764705,0.095588235294117641,0.059742647058823532,0.062500000000000000,0.068933823529411770,0.080882352941176475,0.041360294117647058,0.042279411764705885,0.028492647058823529,0.022977941176470590,0.016544117647058824,0.017463235294117647,0.011029411764705883,1088.000000000000000000,438.000000000000000000,-93.449546813964844000,42.027332305908203000
"191690104003","",55404.405405405407000000,67210.798507462692000000,29528.678688524589000000,22.000000000000000000,163.590999329977310000,29528.678688524589000000,-0.100671140939597310,-0.094955489614243327,0.242743509882212020,0.533816425120772990,0.070048309178743967,0.161835748792270530,0.188405797101449280,0.045893719806763281,0.085820895522388058,1.000000000000000000,86111.000000000000000000,227748.000000000000000000,0.465163934426229500,0.914754098360655690,1.000000000000000000,0.088524590163934422,0.060655737704918035,0.050819672131147541,0.062295081967213117,0.059016393442622953,0.085245901639344257,0.088524590163934422,0.052459016393442623,0.036065573770491806,0.063934426229508193,0.106557377049180320,0.083606557377049182,0.044262295081967211,0.022950819672131147,0.039344262295081971,0.024590163934426229,0.018032786885245903,0.013114754098360656,610.000000000000000000,268.000000000000000000,-93.441886901855469000,42.025161743164063000
"191690105001","",64999.000000000000000000,70176.900943396220000000,27449.267527675278000000,50.000000000000000000,10.218017035680056000,27449.267527675278000000,-0.023041474654377881,-0.062283737024221450,0.636130923131307370,0.321899736147757240,0.035620052770448551,0.290237467018469640,0.287598944591029030,0.064643799472295510,0.018867924528301886,1.000000000000000000,141071.000000000000000000,161617.000000000000000000,0.702546296296296280,0.974169741697416990,1.000000000000000000,0.064575645756457564,0.078413284132841335,0.059963099630996310,0.058118081180811805,0.039667896678966787,0.061808118081180814,0.056273062730627307,0.063653136531365312,0.060885608856088562,0.065498154981549817,0.093173431734317344,0.102398523985239850,0.065498154981549817,0.034132841328413287,0.032287822878228782,0.032287822878228782,0.018450184501845018,0.012915129151291513,1084.000000000000000000,424.000000000000000000,-93.374694824218750000,42.119915008544922000
"191690105002","",61620.621621621620000000,67698.698675496693000000,28435.336578581362000000,36.000000000000000000,21.204748387566248000,28435.336578581362000000,-0.038216560509554139,-0.127336448598130840,0.603179832232945800,0.374760994263862330,0.097514340344168268,0.319311663479923510,0.193116634799235190,0.015296367112810707,0.046357615894039736,1.000000000000000000,102344.000000000000000000,162811.000000000000000000,0.642857142857142900,0.991967871485943790,1.000000000000000000,0.052208835341365459,0.065595716198125834,0.076305220883534142,0.064257028112449793,0.041499330655957165,0.046854082998661312,0.064257028112449793,0.045515394912985271,0.069611780455153954,0.074966532797858101,0.078982597054886208,0.080321285140562249,0.033467202141900937,0.045515394912985271,0.037483266398929051,0.037483266398929051,0.041499330655957165,0.044176706827309238,747.000000000000000000,302.000000000000000000,-93.294296264648438000,42.162818908691406000
"191690106001","",50326.868852459011000000,59032.199999999997000000,26902.695312500000000000,63.000000000000000000,694.835236622159410000,26902.695312500000000000,-0.012693935119887164,-0.060267857142857144,0.127893984809946430,0.297142857142857150,0.192653061224489800,0.139591836734693890,0.324897959183673480,0.045714285714285714,0.068571428571428575,1.000000000000000000,122344.000000000000000000,125140.000000000000000000,0.567238912732474950,0.974465558194774320,1.000000000000000000,0.051068883610451303,0.061163895486935869,0.057600950118764843,0.066508313539192399,0.036223277909738720,0.046912114014251778,0.040380047505938245,0.049881235154394299,0.057007125890736345,0.077197149643705457,0.078978622327790973,0.057600950118764843,0.043349168646080759,0.036223277909738720,0.033254156769596199,0.038598574821852728,0.051068883610451303,0.116983372921615200,1684.000000000000000000,700.000000000000000000,-93.594413757324219000,42.187435150146484000
"191690106002","",58332.333333333336000000,74813.201149425280000000,33636.943152454784000000,28.000000000000000000,28.059615156298630000,33636.943152454784000000,-0.061994609164420483,-0.132286995515695060,0.599478802913413270,0.231884057971014500,0.099637681159420288,0.376811594202898560,0.268115942028985530,0.023550724637681160,0.028735632183908046,1.000000000000000000,118750.000000000000000000,183504.000000000000000000,0.503987240829346090,0.968992248062015450,1.000000000000000000,0.065891472868217060,0.065891472868217060,0.058139534883720929,0.038759689922480620,0.058139534883720929,0.067183462532299745,0.073643410852713184,0.049095607235142120,0.050387596899224806,0.071059431524547800,0.087855297157622733,0.117571059431524540,0.067183462532299745,0.038759689922480620,0.034883720930232558,0.019379844961240310,0.014211886304909561,0.021963824289405683,774.000000000000000000,348.000000000000000000,-93.612663269042969000,42.174930572509766000
"191690106003","",53288.473684210527000000,69332.200342465760000000,29425.875726744187000000,33.000000000000000000,472.128945692054970000,29425.875726744187000000,0.441975308641975320,0.323076923076923090,-0.020626268124301995,0.270920502092050210,0.050209205020920508,0.225941422594142270,0.384937238493723850,0.067991631799163177,0.056506849315068490,1.000000000000000000,191810.000000000000000000,210878.000000000000000000,0.473059360730593630,0.976744186046511590,1.000000000000000000,0.061773255813953487,0.071220930232558141,0.071220930232558141,0.065406976744186052,0.035610465116279071,0.055959302325581398,0.053779069767441859,0.047238372093023256,0.069767441860465115,0.072674418604651167,0.080668604651162795,0.078488372093023256,0.041424418604651160,0.035610465116279071,0.042151162790697673,0.032703488372093026,0.031976744186046513,0.052325581395348840,1376.000000000000000000,584.000000000000000000,-93.583503723144531000,42.186462402343750000
"191690106004","",62179.232558139534000000,74398.399999999994000000,28686.530407523511000000,37.000000000000000000,59.055513595299509000,28686.530407523511000000,0.051282051282051280,-0.004369538077403246,0.277943007232157590,0.271072796934865910,0.032567049808429116,0.192528735632183920,0.386015325670498120,0.117816091954022980,0.039024390243902439,1.000000000000000000,139899.000000000000000000,171618.000000000000000000,0.664160401002506280,0.976175548589341750,1.000000000000000000,0.085266457680250790,0.088401253918495293,0.075862068965517240,0.059561128526645767,0.036363636363636362,0.056426332288401257,0.068965517241379309,0.079623824451410655,0.075235109717868343,0.077115987460815050,0.071473354231974928,0.072727272727272724,0.052664576802507836,0.030094043887147336,0.024451410658307211,0.014420062695924765,0.015673981191222569,0.015673981191222569,1595.000000000000000000,615.000000000000000000,-93.506774902343750000,42.166164398193359000
